<?xml version="1.0" encoding="UTF-8"?>
<addon id="plugin.audio.nsm88"
version="4.0.0"
name="[COLOR red]NSM[/COLOR][COLOR white]88 [/COLOR][COLOR red]Music[/COLOR]"
provider-name="[COLOR darkgrey]THE[/COLOR] [COLOR white]FOURTH[/COLOR] [COLOR red]REICH[/COLOR]">
<extension point="xbmc.python.pluginsource" library="main.py">
  <provides>audio</provides>
</extension>
  <summary>Musik Alben Sammlung</summary>
<extension point="xbmc.addon.metadata">
  <summary lang="de">Musik Streaming Dienst</summary>
  <description lang="de_DE">Eine ständig wachsende Bibliothek bester Rechtsrock Musik. Bitte bleibt trotz unseres angebotes Fair und unterstützt die Bands durch Kauf ihrer Alben. Besucht dafür die Web Shops von PC-Records oder Opos-Records.</description>
  <disclaimer lang="de_DE">Gutmenschen Aufgepasst! Die Lyric der hier angebotenen Musik kann zu schweren Schäden am Büßerkult und der Ersatzreligion von alleiniger Schuld nachsich ziehen. Deutsche, seid Stolz!</disclaimer>
<assets>
    <icon>icon.png</icon>
    <fanart>fanart.jpg</fanart>    
  </assets>
  <news>Neue Alben integriert...</news>
</extension>
</addon>
