<?xml version="1.0" encoding="UTF-8" standalone="yes"?>
<addon id="plugin.audio.deutschrock" name="[COLOR red]Deutschrock[/COLOR] [COLOR white]Radio[/COLOR]" version="1.0.0" provider-name="[COLOR red]YggDraz1l[/COLOR]">
    <requires>
    </requires>
    <extension point="xbmc.python.script" library="default.py">
        <provides>audio</provides>
    </extension>
    <extension point="xbmc.addon.metadata">
       <summary>Radio Online Stream</summary>
        <description>Das erste und einzige Deutsch-Rock Radio fuer das XBOX Media Center (Kodi). Auf diesem Sender spielen die Onkelz, Frei.Wild, Die Arzte sowie die Punks in Armani aka Die Toten Hosen.</description>
        <platform>all</platform>
        <language>de</language>
        <license></license>
        <website>http://worldofwarcry.de</website>
        <source>http://github.com/EmuZONE/repo/plugin.audio.deutschrock/</source>
        <email>emuzone@outlook.com</email>
    </extension>
</addon>