<?xml version="1.0" encoding="utf-8" standalone="yes"?>
<window type="window">
    <controls>
        <control type="image" id="30002">
            <description>The spinning animation in the background</description>
            <posx>607</posx>
            <posy>327</posy>
            <width>66</width>
            <height>66</height>
            <texture>loader.gif</texture>
        </control>
        <control type="image" id="30001">
            <description>The Bing picture</description>
            <posx>0</posx>
            <posy>0</posy>
            <width>1280</width>
            <height>720</height>
            <fadetime>1000</fadetime>
            <aspectratio>scale</aspectratio>
        </control>
      
        <control type="image" id="30020">
            <description>Bing Logo</description>
            <posx>1100</posx>
            <posy>30</posy>
            <width>120</width>
            <height>50</height>
            <texture></texture>
            <colordiffuse>77FFFFFF</colordiffuse>
            <aspectratio>keep</aspectratio>
        </control>
        <control type="image">
            <description>Background for Footer</description>
            <posx>0</posx>
            <posy>550</posy>
            <width>1280</width>
            <height>171</height>
            <texture border="0,0,0,0">gradient.png</texture>
            <colordiffuse>A0000000</colordiffuse>
            <aspectratio>stretch</aspectratio>
        </control>
        <control type="label">
            <description>Label Screensaver</description>
            <posx>50</posx>
            <posy>675</posy>
            <width>320</width>
            <height>20</height>
            <align>left</align>
            <aligny>center</aligny>
            <label>Bing Pictures Screensaver</label>
            <textcolor>FFDDDDDD</textcolor>
            <font>font13</font>
        </control>

        <control type="grouplist">
			<right>50</right>
			<top>625</top>
			<width>975</width>
			<height>90</height>
			<itemgap>6</itemgap>
			<align>right</align>
			<orientation>horizontal</orientation>
			<visible>true</visible>
			
			<control type="label" id="30003">
				<description>Label for source title</description>
				<width>auto</width>
				<height>20</height>
				<align>right</align>
				<aligny>center</aligny>
				<textcolor>FFDDDDDD</textcolor>
				<font>font13</font>
				<visible>false</visible>
			</control>
			<control type="label" id="30004">
				<description>Label for picture title</description>
				<width>auto</width>
				<height>20</height>
				<align>right</align>
				<aligny>center</aligny>
				<textcolor>FF4a92f7</textcolor>
				<font>font13</font>
				<scroll>true</scroll>
				<visible>false</visible>
			</control>
			<control type="textbox" id="30005">
				<description>Label for picture description</description>
				<width>600</width>
				<height>90</height>
				<font>font28</font>
				<align>right</align>
				<aligny>top</aligny>
				<autoscroll delay="10000" time="2500" repeat="10000"></autoscroll>
				<wrapmultiline>true</wrapmultiline>
				<textcolor>FFDDDDDD</textcolor>
			</control>
		</control>
		
        <control type="image" id="30006">
            <description>The next bing picture (for preloading)</description>
            <posx>1280</posx>
            <posy>0</posy>
            <width>16</width>
            <height>9</height>
            <aspectratio>keep</aspectratio>
        </control>

        <control type="image" id="30014">
            <description>Background for Clock 24h</description>
            <posx>50</posx>
            <posy>400</posy>
            <width>440</width>
            <height>160</height>
            <texture border="0,0,0,0"></texture>
            <colordiffuse>30000000</colordiffuse>
            <aspectratio>stretch</aspectratio>
        </control>     
        <control type="image" id="30015">
            <description>Background for Clock</description>
            <posx>50</posx>
            <posy>400</posy>
            <width>545</width>
            <height>160</height>
            <texture border="0,0,0,0"></texture>
            <colordiffuse>30000000</colordiffuse>
            <aspectratio>stretch</aspectratio>
        </control> 
        <control type="image" id="30010">
             <description>Clock1</description>
             <posx>50</posx>
             <posy>400</posy>
             <width>200</width>
             <height>150</height>
             <texture border="0,0,0,0"></texture>
             <colordiffuse>82FFFFFF</colordiffuse>
        </control>
        <control type="image" id="30012">
             <description>Points</description>
             <posx>250</posx>
             <posy>400</posy>
             <width>30</width>
             <height>150</height>
             <texture border="0,0,0,0"></texture>
             <colordiffuse>82FFFFFF</colordiffuse>
        </control>
        <control type="image" id="30011">
             <description>Clock2</description>
             <posx>280</posx>
             <posy>400</posy>
             <width>200</width>
             <height>150</height>
             <texture border="0,0,0,0"></texture>
             <colordiffuse>82FFFFFF</colordiffuse>
        </control>
        <control type="image" id="30013">
             <description>AMPM</description>
             <posx>485</posx>
             <posy>464</posy>
             <width>100</width>
             <height>75</height>
             <texture border="0,0,0,0"></texture>
             <colordiffuse>82FFFFFF</colordiffuse>
             <aspectratio>scale</aspectratio>
        </control>
        
    </controls>
</window>
