<?xml version="1.0" encoding="UTF-8" standalone="yes"?>
<addon id="script.securitycam.hd"
       name="Security Cam Overlay HD"
       version="1.1.1"
       provider-name="Ryan Melena, Paulemann">
  <requires>
    <import addon="xbmc.python" version="2.26.0" />
    <import addon="script.module.requests" version="2.22.0" />
  </requires>
  <extension point="xbmc.python.script" library="default.py">
    <provides>executable</provides>
  </extension>
  <extension point="xbmc.addon.metadata">
    <platform>all</platform>
    <summary lang="en">A script to support the overlay of multiple security camera image feeds.</summary>
    <description lang="en">Up to 9 camera image feeds can be displayed simultaneously in one overlay. The image urls must provide a JPEG output and are queried at an adjustable interval for updates. The "Use Custom Grid" option allows the user to personalize the camera grid layout on a 1280x720 pixel grid. X and Y positions, along with Width and Height can be set inside each of the camera's individual menus. the X and Y coordinates define the top left starting point of the camera image, and the width and height define its size.</description>
    <summary lang="de">Skript zur simultanen Anzeige mehrerer Security-Kamera Feeds (Bildersequenz).</summary>
    <description lang="de">Bis zu 9 Kamera Feeds lassen sich gleichzeitig darstellen. Die Bilderquellen müssen die Ausgabe im JPEG-Format unterstützen und werden zur Aktualsierung in einstellbaren Intervallen parallel abgefragt. Die Anordnung der Bilder erfolgt auf einem 1280x720 Pixelraster entweder automatisiert oder über die Eingabe benutzerdefinierter Koordinaten für jedes Kamerabild. Dabei bezeichnen die X- und Y-Koordinate die oberste linke Ecke des Bildes und Breite und Höhe dessen Größe.</description>
  </extension>
</addon>
