<?xml version="1.0" encoding="UTF-8" standalone="yes"?>
<addon id="script.screensaver.bing" name="Bing Pictures Screensaver" version="0.4.2" provider-name="Mark König">
    <requires>
        <import addon="xbmc.python" version="2.14.0"/>
    </requires>
    <extension point="xbmc.ui.screensaver" library="screensaver.py" />
    <extension point="xbmc.addon.metadata">
        <platform>all</platform>
        <language/>
        <website></website>
        <source>https://github.com/mking2203/script.screensaver.bing</source>
        <forum>https://github.com/mking2203/script.screensaver.bing</forum>
        <email>mark.koenig@kleiner-schelm.de</email>
        
        <summary lang="de">Bing Bildschirmschoner</summary>
        <summary lang="en">Bing Screensaver</summary>
     
        <description lang="de">Bing Wallpaper Galerie - Die Wallpaper Gallery liefert tägliche Bilder für verschiedene Länder.</description>
        <description lang="en">Bing Wallpaper Galerie - Provides Bing daily wallpaper images gallery for several countries.</description>
      
        <assets>
            <icon>icon.png</icon>
            <fanart>fanart.jpg</fanart>
            <screenshot>resources/screenshot000.jpg</screenshot>
            <screenshot>resources/screenshot001.jpg</screenshot>
            <screenshot>resources/screenshot002.jpg</screenshot>
        </assets>
		<news>
[B]Version 0.4.2 - 10.10.2020[/B]
- https
- small adjustments[CR]
[B]Version 0.4.1 - 23.01.2018[/B]
- Bing logo can be disabled
-add missing file
-add shadow fot the clock[CR]
[B]Version 0.4.0 - 21.01.2018[/B]
- extendend mode works also offline[CR]
[B]Version 0.3.1 - 12.06.2017[/B]
- added screenshots[CR]
[B]Version 0.3.0 - 07.06.2017[/B]
 - fullscreen layout and new option clock[CR]
[B]Version 0.2.0 - 01.04.2017[/B]
 - extended version[CR]
[B]Version 0.1.0 - 01.04.2017[/B]
 - initial version[CR]
		</news>
    </extension>
</addon>
